country,iso3,year,prod_value
Albania,ALB,2018,18750151
Albania,ALB,2017,18914392
Albania,ALB,2016,18689958
Albania,ALB,2015,17747296
Albania,ALB,2014,16963765
Albania,ALB,2013,16726948
Albania,ALB,2012,16686502
Albania,ALB,2011,16322852
Albania,ALB,2010,15434013
Albania,ALB,2009,13774726
Albania,ALB,2008,13240423
Albania,ALB,2007,11697966
Albania,ALB,2006,11735864
Albania,ALB,2005,11505823
Albania,ALB,2004,11116742
Albania,ALB,2003,10979388
Albania,ALB,2002,10983889
Algeria,DZA,2016,132691560
Algeria,DZA,2015,131645250
Algeria,DZA,2014,126088980
Algeria,DZA,2013,133164048
Algeria,DZA,2012,122686758
Algeria,DZA,2011,111567978
Algeria,DZA,2010,101530398
Algeria,DZA,2009,98887878
Algeria,DZA,2008,66049050
Algeria,DZA,2007,71861868
Algeria,DZA,2006,79774806
Angola,AGO,2011,157023776
Angola,AGO,2010,146757814
Angola,AGO,2009,137561179
Angola,AGO,2008,106950137
Angola,AGO,2007,102512984
Angola,AGO,2006,90366052
Angola,AGO,2005,87991701
Antigua and Barbuda,ATG,2011,67690
Antigua and Barbuda,ATG,2010,67090
Antigua and Barbuda,ATG,2009,65800
Antigua and Barbuda,ATG,2008,64700
Antigua and Barbuda,ATG,2007,62355
Antigua and Barbuda,ATG,2006,58415
Antigua and Barbuda,ATG,2005,54370
Argentina,ARG,2018,747194056
Argentina,ARG,2017,780322032
Argentina,ARG,2016,671607615
Argentina,ARG,2015,636651337
Argentina,ARG,2014,616223503
Argentina,ARG,2013,639718429
Argentina,ARG,2012,587751444
Argentina,ARG,2011,625340618
Argentina,ARG,2010,520292220
Argentina,ARG,2009,484881544
Argentina,ARG,2008,620561389
Argentina,ARG,2007,579031306
Argentina,ARG,2006,532235025
Argentina,ARG,2005,584420396
Argentina,ARG,2004,500054058
Armenia,ARM,2011,14920806
Armenia,ARM,2010,12274722
Armenia,ARM,2009,15303612
Armenia,ARM,2008,15595296
Armenia,ARM,2007,15544302
Armenia,ARM,2006,13017780
Armenia,ARM,2005,13399650
Armenia,ARM,2004,12081372
Armenia,ARM,2003,8407460
Armenia,ARM,2002,7572170
Australia,AUS,2017,659503068
Australia,AUS,2016,540816521
Australia,AUS,2015,538261549
Australia,AUS,2014,531592635
Australia,AUS,2013,493147571
Australia,AUS,2012,537065571
Australia,AUS,2011,504476686
Australia,AUS,2010,504656061
Australia,AUS,2009,511186263
Australia,AUS,2005,560658735
Australia,AUS,2004,608424831
Australia,AUS,2003,433017564
Australia,AUS,2002,542402343
Austria,AUT,2011,57534520
Austria,AUT,2010,49262105
Austria,AUT,2009,53662935
Austria,AUT,2008,56992910
Austria,AUT,2007,49180260
Austria,AUT,2006,46388740
Austria,AUT,2005,51566630
Austria,AUT,2004,53197765
Azerbaijan,AZE,2011,43450757
Azerbaijan,AZE,2010,39712799
Azerbaijan,AZE,2009,45739694
Azerbaijan,AZE,2008,43196580
Azerbaijan,AZE,2007,40104638
Azerbaijan,AZE,2006,39479258
Azerbaijan,AZE,2005,38543379
Azerbaijan,AZE,2004,35307867
Azerbaijan,AZE,2003,34892319
Azerbaijan,AZE,2002,34179306
Bangladesh,BGD,2018,500945880
Bangladesh,BGD,2017,504341352
Bangladesh,BGD,2016,471394476
Bangladesh,BGD,2015,476485092
Bangladesh,BGD,2014,467947926
Bangladesh,BGD,2013,456538338
Bangladesh,BGD,2012,444891906
Bangladesh,BGD,2011,444009108
Bangladesh,BGD,2010,434588262
Bangladesh,BGD,2009,408432780
Bangladesh,BGD,2008,410031864
Bangladesh,BGD,2006,359126610
Bangladesh,BGD,2005,352561458
Bangladesh,BGD,2004,316994016
Bangladesh,BGD,2003,325782210
Bangladesh,BGD,2002,316810530
Barbados,BRB,2011,1505390
Barbados,BRB,2010,1376830
Barbados,BRB,2009,1868405
Barbados,BRB,2008,1630745
Barbados,BRB,2006,1836015
Barbados,BRB,2005,2302515
Barbados,BRB,2004,1897150
Barbados,BRB,2003,1935000
Barbados,BRB,2002,2177495
Belarus,BLR,2011,130936758
Belarus,BLR,2010,129087936
Belarus,BLR,2009,133793796
Belarus,BLR,2008,146611278
Belarus,BLR,2002,97770282
Belize,BLZ,2011,10308067
Belize,BLZ,2010,12358682
Belize,BLZ,2009,11611089
Belize,BLZ,2008,12079046
Belize,BLZ,2007,13435387
Belize,BLZ,2006,13217323
Belize,BLZ,2005,12248320
Belize,BLZ,2004,12987723
Belize,BLZ,2003,11623990
Bhutan,BTN,2018,2291394
Bhutan,BTN,2017,3074645
Bhutan,BTN,2016,3082422
Bhutan,BTN,2015,2586619
Bhutan,BTN,2014,2851527
Bhutan,BTN,2013,2883153
Bhutan,BTN,2012,3083353
Bhutan,BTN,2011,3582901
Bhutan,BTN,2010,2884595
Bhutan,BTN,2008,2608403
Bhutan,BTN,2007,3425436
Bhutan,BTN,2006,2867382
Bhutan,BTN,2005,3330824
Bhutan,BTN,2004,2826453
Bhutan,BTN,2003,2039796
Bhutan,BTN,2002,1892742
Bolivia (Plurinational State of),BOL,2015,96648958
Bolivia (Plurinational State of),BOL,2014,95771459
Bolivia (Plurinational State of),BOL,2013,97961955
Bolivia (Plurinational State of),BOL,2011,83385729
Bolivia (Plurinational State of),BOL,2010,81180470
Bolivia (Plurinational State of),BOL,2009,92057511
Bolivia (Plurinational State of),BOL,2008,82415151
Bolivia (Plurinational State of),BOL,2007,75708941
Bolivia (Plurinational State of),BOL,2006,75284265
Bolivia (Plurinational State of),BOL,2005,66323523
Bolivia (Plurinational State of),BOL,2004,65879527
Bolivia (Plurinational State of),BOL,2003,64568511
Bolivia (Plurinational State of),BOL,2002,63449813
Brazil,BRA,2017,6781500824
Brazil,BRA,2016,6621748840
Brazil,BRA,2015,6666205623
Brazil,BRA,2014,6538373002
Brazil,BRA,2013,6750733283
Brazil,BRA,2012,6361952275
Brazil,BRA,2011,6419487732
Brazil,BRA,2010,6251823039
Brazil,BRA,2009,6016764887
Brazil,BRA,2008,5783608012
Brazil,BRA,2007,5043295817
Brazil,BRA,2006,4448967453
Brazil,BRA,2005,4021325973
Brazil,BRA,2004,4016424510
Brazil,BRA,2003,3877309730
Brazil,BRA,2002,3565111613
Bulgaria,BGR,2011,43217620
Bulgaria,BGR,2010,41446325
Bulgaria,BGR,2009,36795280
Bulgaria,BGR,2008,41822035
Bulgaria,BGR,2007,31427454
Bulgaria,BGR,2006,42984456
Bulgaria,BGR,2005,42730770
Bulgaria,BGR,2004,57344916
Bulgaria,BGR,2003,37346088
Burkina Faso,BFA,2011,34873923
Burkina Faso,BFA,2010,39834788
Burkina Faso,BFA,2005,31828818
Burkina Faso,BFA,2004,26756121
Burkina Faso,BFA,2003,30892225
Burkina Faso,BFA,2002,27770792
Burundi,BDI,2016,28968785
Burundi,BDI,2015,28381780
Burundi,BDI,2014,28872670
Burundi,BDI,2013,33224900
Burundi,BDI,2011,22507405
Burundi,BDI,2010,22876360
Burundi,BDI,2009,22323100
Burundi,BDI,2008,21186555
Burundi,BDI,2007,20591200
Burundi,BDI,2006,19889710
Burundi,BDI,2005,20223855
Burundi,BDI,2004,20184990
Burundi,BDI,2003,20955905
Burundi,BDI,2002,20382030
Cameroon,CMR,2011,109984086
Cameroon,CMR,2010,106482522
Cameroon,CMR,2009,98326974
Cameroon,CMR,2008,86780226
Cameroon,CMR,2007,82950396
Cameroon,CMR,2006,78909114
Cameroon,CMR,2005,75251034
Cameroon,CMR,2004,64256532
Cameroon,CMR,2003,62186622
Canada,CAN,2018,342366725
Canada,CAN,2017,331505710
Canada,CAN,2016,342438775
Canada,CAN,2015,315618650
Canada,CAN,2014,305431140
Canada,CAN,2013,380185385
Canada,CAN,2012,306001235
Canada,CAN,2011,286415400
Canada,CAN,2010,274925250
Canada,CAN,2009,289486905
Canada,CAN,2008,319276610
Canada,CAN,2007,283696390
Canada,CAN,2006,287225905
Central African Republic,CAF,2011,12158466
Chile,CHL,2016,110190864
Chile,CHL,2015,111496903
Chile,CHL,2014,105922880
Chile,CHL,2013,113977010
Chile,CHL,2012,108168452
Chile,CHL,2011,113396346
Chile,CHL,2010,101690547
Chile,CHL,2009,92995007
Chile,CHL,2008,94974215
Chile,CHL,2007,93455964
Chile,CHL,2006,108530163
Chile,CHL,2005,110965988
Chile,CHL,2004,106393637
"China, Taiwan Province of",TWN,2016,47962794
"China, Taiwan Province of",TWN,2015,49534962
"China, Taiwan Province of",TWN,2014,51673776
"China, Taiwan Province of",TWN,2013,49509630
"China, Taiwan Province of",TWN,2012,50031978
"China, Taiwan Province of",TWN,2011,52710150
"China, Taiwan Province of",TWN,2010,49752378
"China, Taiwan Province of",TWN,2009,48754920
"China, Taiwan Province of",TWN,2008,49035948
"China, Taiwan Province of",TWN,2007,48174690
"China, Taiwan Province of",TWN,2006,51713010
Colombia,COL,2018,406421134
Colombia,COL,2016,441972510
Colombia,COL,2015,436997050
Colombia,COL,2011,378159348
Colombia,COL,2010,361147374
Colombia,COL,2009,398169345
Colombia,COL,2008,370790742
Colombia,COL,2007,391461259
Colombia,COL,2006,397176171
Colombia,COL,2005,409287207
Colombia,COL,2004,417346370
Colombia,COL,2003,407282099
Colombia,COL,2002,386817991
Congo,COG,2011,13987518
Congo,COG,2010,13719636
Congo,COG,2009,13980654
Congo,COG,2008,13389072
Congo,COG,2007,12748602
Congo,COG,2006,12343152
Congo,COG,2005,12282582
Congo,COG,2004,11787942
Costa Rica,CRI,2011,71428665
Costa Rica,CRI,2010,70572726
Costa Rica,CRI,2009,72944886
Costa Rica,CRI,2008,70354081
Costa Rica,CRI,2007,75864495
Costa Rica,CRI,2003,66501323
Costa Rica,CRI,2002,60725616
Côte d'Ivoire,CIV,2011,104604570
Côte d'Ivoire,CIV,2010,104292573
Côte d'Ivoire,CIV,2009,97173503
Côte d'Ivoire,CIV,2008,105083328
Côte d'Ivoire,CIV,2007,99084132
Côte d'Ivoire,CIV,2006,99235549
Côte d'Ivoire,CIV,2005,95165777
Côte d'Ivoire,CIV,2004,91985040
Côte d'Ivoire,CIV,2003,88520292
Côte d'Ivoire,CIV,2002,90742106
Croatia,HRV,2018,33236070
Croatia,HRV,2017,37973698
Croatia,HRV,2016,47179097
Croatia,HRV,2015,38263827
Croatia,HRV,2014,42807219
Croatia,HRV,2013,42530761
Croatia,HRV,2011,40307316
Croatia,HRV,2010,42104496
Croatia,HRV,2009,45986038
Croatia,HRV,2008,48662551
Croatia,HRV,2007,40029108
Croatia,HRV,2006,42941220
Croatia,HRV,2005,39927405
Croatia,HRV,2004,39139667
Croatia,HRV,2003,27035323
Czechia,CZE,2018,70641414
Czechia,CZE,2017,78178608
Czechia,CZE,2016,83466798
Czechia,CZE,2015,75704280
Czechia,CZE,2014,86304408
Czechia,CZE,2013,73452102
Czechia,CZE,2012,69234084
Czechia,CZE,2011,80655972
Czechia,CZE,2010,65799126
Czechia,CZE,2009,72553122
Czechia,CZE,2008,75213726
Denmark,DNK,2017,90165744
Denmark,DNK,2016,83040876
Denmark,DNK,2015,83202462
Denmark,DNK,2014,87349770
Denmark,DNK,2013,80484864
Denmark,DNK,2012,85466490
Denmark,DNK,2011,81185814
Denmark,DNK,2010,77878050
Denmark,DNK,2009,84270888
Denmark,DNK,2005,83697618
Denmark,DNK,2004,82481898
Dominican Republic,DOM,2018,94309355
Dominican Republic,DOM,2017,88033568
Dominican Republic,DOM,2016,75548270
Dominican Republic,DOM,2015,76492640
Dominican Republic,DOM,2014,78053304
Dominican Republic,DOM,2013,72254329
Dominican Republic,DOM,2012,70361158
Dominican Republic,DOM,2011,67717692
Dominican Republic,DOM,2010,63390250
Dominican Republic,DOM,2009,60040484
Dominican Republic,DOM,2008,56455693
Dominican Republic,DOM,2007,60594191
Dominican Republic,DOM,2006,59496157
Ecuador,ECU,2018,115459422
Ecuador,ECU,2017,124386324
Ecuador,ECU,2016,122725320
Ecuador,ECU,2015,142016616
Ecuador,ECU,2014,126034698
Ecuador,ECU,2011,122321316
Ecuador,ECU,2010,128508792
Ecuador,ECU,2009,124864236
Ecuador,ECU,2008,123248460
Ecuador,ECU,2007,116237940
Ecuador,ECU,2006,106130478
Ecuador,ECU,2005,106020786
Ecuador,ECU,2004,104122536
Ecuador,ECU,2003,99655758
Ecuador,ECU,2002,91830870
Egypt,EGY,2017,626109295
Egypt,EGY,2016,627230002
Egypt,EGY,2015,651173964
Egypt,EGY,2014,637578361
Egypt,EGY,2013,610549527
Egypt,EGY,2012,616703920
Egypt,EGY,2011,578686521
Egypt,EGY,2010,558624626
Egypt,EGY,2009,576939895
Egypt,EGY,2008,573520976
Egypt,EGY,2007,552398105
Egypt,EGY,2006,536767224
Egypt,EGY,2004,490706650
Egypt,EGY,2003,478575412
Egypt,EGY,2002,467721590
El Salvador,SLV,2018,59578939
El Salvador,SLV,2017,61597949
El Salvador,SLV,2016,62081222
El Salvador,SLV,2015,55913753
El Salvador,SLV,2011,51107525
El Salvador,SLV,2010,46423853
El Salvador,SLV,2009,52647119
El Salvador,SLV,2008,50156708
El Salvador,SLV,2007,46127648
El Salvador,SLV,2006,45739736
El Salvador,SLV,2005,41792541
El Salvador,SLV,2003,40914832
Estonia,EST,2011,4123440
Estonia,EST,2010,3684196
Estonia,EST,2009,4372052
Estonia,EST,2008,4237692
Estonia,EST,2007,4611492
Estonia,EST,2006,3364376
Estonia,EST,2005,4209732
Estonia,EST,2004,3372496
Ethiopia,ETH,2018,251703760
Ethiopia,ETH,2017,254053758
Ethiopia,ETH,2016,241588060
Ethiopia,ETH,2015,232996981
Ethiopia,ETH,2011,167160707
Ethiopia,ETH,2010,161193795
Ethiopia,ETH,2009,144239354
Ethiopia,ETH,2008,119457163
Ethiopia,ETH,2007,127100960
Ethiopia,ETH,2005,128714201
Ethiopia,ETH,2004,107610531
Ethiopia,ETH,2003,101894254
Ethiopia,ETH,2002,95120347
Fiji,FJI,2011,13971876
Fiji,FJI,2010,11558868
Fiji,FJI,2009,13625034
Fiji,FJI,2008,15202944
Fiji,FJI,2007,16276968
Fiji,FJI,2006,20358090
Fiji,FJI,2005,18246090
Fiji,FJI,2004,18999354
Fiji,FJI,2003,17808210
Fiji,FJI,2002,20173266
Finland,FIN,2011,26580565
Finland,FIN,2010,22310065
Finland,FIN,2009,29274960
Finland,FIN,2008,28174245
Finland,FIN,2007,28858425
Finland,FIN,2006,27843910
France,FRA,2018,865325370
France,FRA,2017,984732987
France,FRA,2016,796192684
France,FRA,2015,914864447
France,FRA,2014,948919265
France,FRA,2013,850646517
France,FRA,2012,846401983
France,FRA,2011,871224011
France,FRA,2010,829917235
France,FRA,2009,891619316
French Polynesia,PYF,2011,183085
French Polynesia,PYF,2010,181345
French Polynesia,PYF,2009,175795
French Polynesia,PYF,2008,178685
French Polynesia,PYF,2007,179310
French Polynesia,PYF,2006,176725
French Polynesia,PYF,2005,193070
French Polynesia,PYF,2004,181145
French Polynesia,PYF,2003,175850
French Polynesia,PYF,2002,171170
Georgia,GEO,2018,8341176
Georgia,GEO,2017,6491256
Georgia,GEO,2016,8161938
Georgia,GEO,2015,7668336
Georgia,GEO,2014,8076018
Georgia,GEO,2009,7906434
Georgia,GEO,2008,7914252
Georgia,GEO,2007,9354324
Georgia,GEO,2005,14579328
Georgia,GEO,2004,12061302
Ghana,GHA,2018,296319499
Ghana,GHA,2017,275087988
Ghana,GHA,2016,258462008
Ghana,GHA,2015,252344141
Ghana,GHA,2014,254177217
Ghana,GHA,2013,238957845
Ghana,GHA,2012,224907298
Ghana,GHA,2011,217953568
Ghana,GHA,2010,211161034
Ghana,GHA,2009,199151358
Ghana,GHA,2008,180700387
Ghana,GHA,2007,162525720
Ghana,GHA,2006,156467605
Ghana,GHA,2005,153652947
Ghana,GHA,2004,150737902
Ghana,GHA,2003,153939100
Ghana,GHA,2002,151464327
Greece,GRC,2011,101607128
Greece,GRC,2010,105094493
Greece,GRC,2009,113420041
Greece,GRC,2008,108893680
Greece,GRC,2007,101503605
Greece,GRC,2006,111282864
Greece,GRC,2005,120944054
Greece,GRC,2004,117564055
Guatemala,GTM,2011,202849913
Guatemala,GTM,2010,211657789
Guatemala,GTM,2009,208143159
Guatemala,GTM,2008,195246394
Guatemala,GTM,2007,194582675
Guatemala,GTM,2006,170361184
Guatemala,GTM,2005,171082023
Guatemala,GTM,2004,181607503
Guatemala,GTM,2003,162433964
Guatemala,GTM,2002,162356992
Guinea,GIN,2011,47856396
Guinea,GIN,2010,46429012
Guinea,GIN,2009,43369949
Guinea,GIN,2008,43909194
Guinea,GIN,2007,43079239
Guinea,GIN,2006,41326264
Guinea,GIN,2005,40202267
Guinea,GIN,2004,38722397
Guinea,GIN,2003,37151002
Guinea,GIN,2002,35700420
Guyana,GUY,2011,23564382
Guyana,GUY,2010,20983200
Guyana,GUY,2009,20809242
Guyana,GUY,2008,20311812
Guyana,GUY,2007,22165122
Guyana,GUY,2006,21489834
Guyana,GUY,2005,21402774
Guyana,GUY,2004,26293746
Guyana,GUY,2003,24489570
Guyana,GUY,2002,25820238
Honduras,HND,2011,63067088
Honduras,HND,2010,66875144
Honduras,HND,2009,69383804
Honduras,HND,2008,64097936
Honduras,HND,2007,63909111
Honduras,HND,2006,59196592
Honduras,HND,2005,60875780
Honduras,HND,2004,58395680
Honduras,HND,2003,56839811
Honduras,HND,2002,43080800
Hungary,HUN,2018,111754932
Hungary,HUN,2017,110385138
Hungary,HUN,2016,126401928
Hungary,HUN,2015,110288736
Hungary,HUN,2014,127803576
Hungary,HUN,2013,107358720
Hungary,HUN,2012,86429706
Hungary,HUN,2011,105523128
Hungary,HUN,2010,94490256
Hungary,HUN,2009,107684346
Hungary,HUN,2008,128037216
India,IND,2018,7032137959
India,IND,2017,6390343498
India,IND,2016,6479896136
India,IND,2015,6464731238
India,IND,2014,6523458305
India,IND,2013,6338888276
India,IND,2012,6336717485
India,IND,2011,6101669434
India,IND,2010,5543439531
India,IND,2009,5255048806
India,IND,2008,5805387994
India,IND,2007,5690634873
India,IND,2006,4964205267
India,IND,2005,4507903253
India,IND,2004,4339997004
India,IND,2003,4782086736
India,IND,2002,4579884141
Indonesia,IDN,2018,1215541215
Indonesia,IDN,2017,1207047695
Indonesia,IDN,2016,1168672974
Indonesia,IDN,2015,1166513418
Indonesia,IDN,2014,1147101004
Indonesia,IDN,2013,1155303352
Indonesia,IDN,2012,1167976684
Indonesia,IDN,2011,1095215779
Indonesia,IDN,2010,1113354725
Indonesia,IDN,2009,1112320867
Indonesia,IDN,2008,1076530175
Indonesia,IDN,2007,1008323778
Indonesia,IDN,2006,1023973762
Indonesia,IDN,2005,1010026885
Indonesia,IDN,2004,980596400
Indonesia,IDN,2003,926265032
Indonesia,IDN,2002,881473474
Iran (Islamic Republic of),IRN,2017,489808599
Iran (Islamic Republic of),IRN,2016,537978469
Iran (Islamic Republic of),IRN,2015,513945565
Iran (Islamic Republic of),IRN,2014,503887979
Iran (Islamic Republic of),IRN,2013,497350623
Iran (Islamic Republic of),IRN,2012,475123915
Iran (Islamic Republic of),IRN,2011,471306234
Iran (Islamic Republic of),IRN,2010,486664906
Iran (Islamic Republic of),IRN,2009,425093718
Iran (Islamic Republic of),IRN,2008,370053180
Iran (Islamic Republic of),IRN,2007,540143849
Iran (Islamic Republic of),IRN,2006,498766485
Iran (Islamic Republic of),IRN,2005,508305133
Iran (Islamic Republic of),IRN,2004,479397065
Iran (Islamic Republic of),IRN,2003,475913242
Iran (Islamic Republic of),IRN,2002,447488237
Iraq,IRQ,2017,42314265
Iraq,IRQ,2016,44554342
Iraq,IRQ,2015,41797693
Iraq,IRQ,2014,83581505
Iraq,IRQ,2011,69541136
Iraq,IRQ,2010,65302370
Iraq,IRQ,2009,52676127
Iraq,IRQ,2008,51167249
Iraq,IRQ,2007,64342789
Iraq,IRQ,2006,67637626
Iraq,IRQ,2005,66711946
Iraq,IRQ,2004,60863334
Ireland,IRL,2017,15621800
Ireland,IRL,2016,15033655
Ireland,IRL,2015,16658860
Ireland,IRL,2014,16654855
Ireland,IRL,2013,15777245
Ireland,IRL,2012,13458080
Ireland,IRL,2011,16184435
Ireland,IRL,2010,13781710
Ireland,IRL,2009,13507450
Ireland,IRL,2008,15683945
Ireland,IRL,2007,13509525
Ireland,IRL,2006,14064085
Ireland,IRL,2005,20063000
Ireland,IRL,2004,25957515
Ireland,IRL,2003,22043035
Israel,ISR,2005,27802644
Israel,ISR,2004,27387030
Israel,ISR,2003,25548354
Israel,ISR,2002,26017284
Italy,ITA,2018,353304140
Italy,ITA,2017,365412089
Italy,ITA,2016,391178599
Italy,ITA,2015,390361454
Italy,ITA,2012,382486174
Italy,ITA,2011,424244009
Italy,ITA,2010,417562313
Italy,ITA,2009,425109783
Italy,ITA,2008,436221506
Jamaica,JAM,2011,15214092
Jamaica,JAM,2010,14070480
Jamaica,JAM,2009,13855470
Jamaica,JAM,2008,15046656
Jamaica,JAM,2007,17399964
Jamaica,JAM,2006,16261158
Jamaica,JAM,2005,13706316
Jamaica,JAM,2004,18012096
Jamaica,JAM,2003,17271018
Jamaica,JAM,2002,17956842
Japan,JPN,2011,247734354
Japan,JPN,2010,245854371
Japan,JPN,2009,260253308
Japan,JPN,2008,272846147
Japan,JPN,2007,273071547
Japan,JPN,2006,261709553
Japan,JPN,2005,275148188
Japan,JPN,2004,272314091
Kazakhstan,KAZ,2007,181384966
Kazakhstan,KAZ,2006,155336797
Kazakhstan,KAZ,2005,138447918
Kazakhstan,KAZ,2004,126218477
Kazakhstan,KAZ,2003,141503873
Kenya,KEN,2011,124833534
Kenya,KEN,2010,138760587
Kenya,KEN,2009,126803621
Kenya,KEN,2008,124689145
Kenya,KEN,2007,120372077
Kenya,KEN,2006,121283162
Kenya,KEN,2005,116949917
Kenya,KEN,2004,99114708
Kenya,KEN,2003,97322736
Kenya,KEN,2002,95795084
Kyrgyzstan,KGZ,2018,38954734
Kyrgyzstan,KGZ,2017,38060302
Kyrgyzstan,KGZ,2016,37785307
Kyrgyzstan,KGZ,2015,34192137
Kyrgyzstan,KGZ,2011,29765953
Kyrgyzstan,KGZ,2010,29193549
Kyrgyzstan,KGZ,2009,31510955
Kyrgyzstan,KGZ,2008,28205765
Kyrgyzstan,KGZ,2007,28451843
Kyrgyzstan,KGZ,2002,29116339
Latvia,LVA,2018,9283200
Latvia,LVA,2017,13076440
Latvia,LVA,2016,13626792
Latvia,LVA,2015,14900536
Latvia,LVA,2014,11749972
Latvia,LVA,2013,10414736
Latvia,LVA,2012,11349848
Latvia,LVA,2011,8358344
Latvia,LVA,2010,8334876
Latvia,LVA,2009,9548772
Latvia,LVA,2008,10155732
Latvia,LVA,2007,13203055
Latvia,LVA,2006,12038035
Latvia,LVA,2005,13613945
Latvia,LVA,2003,12346820
Latvia,LVA,2002,13175675
Lebanon,LBN,2016,21865333
Lebanon,LBN,2015,20119603
Lebanon,LBN,2014,19467007
Lebanon,LBN,2013,18138169
Lebanon,LBN,2011,16334367
Lebanon,LBN,2010,16667546
Lebanon,LBN,2009,17692675
Lebanon,LBN,2008,20606439
Lebanon,LBN,2007,20314665
Lebanon,LBN,2005,20471101
Lebanon,LBN,2004,20706609
Lebanon,LBN,2003,16170216
Lebanon,LBN,2002,15147870
Lithuania,LTU,2011,25143760
Lithuania,LTU,2010,20988780
Lithuania,LTU,2009,27338640
Lithuania,LTU,2008,24009220
Lithuania,LTU,2007,23273660
Lithuania,LTU,2006,16536040
Lithuania,LTU,2005,24487195
Madagascar,MDG,2011,100107161
Madagascar,MDG,2010,98476623
Madagascar,MDG,2009,97839847
Madagascar,MDG,2008,89681025
Madagascar,MDG,2007,87754226
Madagascar,MDG,2006,86870413
Madagascar,MDG,2005,83940934
Madagascar,MDG,2004,70196420
Madagascar,MDG,2003,68017110
Madagascar,MDG,2002,68216386
Malawi,MWI,2016,141452773
Malawi,MWI,2015,144932340
Malawi,MWI,2014,152732580
Malawi,MWI,2013,158341183
Malawi,MWI,2012,146001576
Malawi,MWI,2011,138852182
Malawi,MWI,2010,134405845
Malawi,MWI,2009,132216189
Malawi,MWI,2008,119737793
Malawi,MWI,2007,117505402
Malawi,MWI,2006,104642573
Malawi,MWI,2005,82743178
Malawi,MWI,2004,89274997
Malawi,MWI,2003,84082250
Malawi,MWI,2002,79271745
Mauritius,MUS,2018,19554396
Mauritius,MUS,2017,22975818
Mauritius,MUS,2016,23454180
Mauritius,MUS,2015,24706818
Mauritius,MUS,2014,24989106
Mauritius,MUS,2013,23637228
Mauritius,MUS,2012,24436086
Mauritius,MUS,2011,26103180
Mauritius,MUS,2010,26912376
Mauritius,MUS,2009,28709046
Mauritius,MUS,2008,27779904
Mauritius,MUS,2007,26034096
Mauritius,MUS,2006,29129418
Mauritius,MUS,2005,30519864
Mauritius,MUS,2004,32384316
Mexico,MEX,2018,1000163262
Mexico,MEX,2017,1001220059
Mexico,MEX,2016,990181710
Mexico,MEX,2015,937404657
Mexico,MEX,2014,945780136
Mexico,MEX,2013,944858089
Mexico,MEX,2012,861542556
Mexico,MEX,2011,810415991
Mexico,MEX,2010,856674126
Mexico,MEX,2009,823611061
Mexico,MEX,2008,877743804
Mexico,MEX,2007,865335030
Mexico,MEX,2006,832159818
Mexico,MEX,2005,811813996
Mexico,MEX,2004,814618364
Mexico,MEX,2003,790854428
Mexico,MEX,2002,753078760
Morocco,MAR,2016,144818072
Morocco,MAR,2015,208481000
Morocco,MAR,2014,171951605
Morocco,MAR,2013,178264555
Morocco,MAR,2012,144493972
Morocco,MAR,2011,176522017
Morocco,MAR,2010,158561984
Morocco,MAR,2009,174782237
Morocco,MAR,2008,139584228
Morocco,MAR,2007,115877692
Morocco,MAR,2006,171093594
Morocco,MAR,2005,131034022
Morocco,MAR,2004,162745464
Mozambique,MOZ,2011,103279155
Mozambique,MOZ,2010,94659670
Mozambique,MOZ,2009,85794121
Mozambique,MOZ,2008,66200386
Mozambique,MOZ,2007,72539012
Mozambique,MOZ,2006,76233542
Mozambique,MOZ,2005,66890145
Mozambique,MOZ,2004,78787100
Mozambique,MOZ,2003,78430415
Myanmar,MMR,2017,290365074
Myanmar,MMR,2011,294398148
Myanmar,MMR,2010,311739552
Myanmar,MMR,2009,311314056
Myanmar,MMR,2008,309214506
Myanmar,MMR,2007,299918400
Myanmar,MMR,2006,284632410
Myanmar,MMR,2005,257314500
Myanmar,MMR,2004,237174312
Myanmar,MMR,2003,223778076
Myanmar,MMR,2002,210045102
Nepal,NPL,2018,156875292
Nepal,NPL,2017,152993869
Nepal,NPL,2016,154068782
Nepal,NPL,2015,145695550
Nepal,NPL,2014,147601391
Nepal,NPL,2013,138040210
Nepal,NPL,2012,144822643
Nepal,NPL,2011,133313131
Nepal,NPL,2010,123960746
Nepal,NPL,2009,121890167
Nepal,NPL,2008,117392373
Nepal,NPL,2007,109474785
Nepal,NPL,2006,109640643
Nepal,NPL,2005,107212147
Nepal,NPL,2004,104255648
Nepal,NPL,2003,100225118
Netherlands,NLD,2018,96530250
Netherlands,NLD,2017,114125660
Netherlands,NLD,2016,95722025
Nicaragua,NIC,2017,55458312
Nicaragua,NIC,2016,49420962
Nicaragua,NIC,2015,49631700
Nicaragua,NIC,2014,52806114
Nicaragua,NIC,2013,52140990
Nicaragua,NIC,2012,52105080
Nicaragua,NIC,2011,42561486
Nicaragua,NIC,2010,38888796
Nicaragua,NIC,2009,40184022
Nicaragua,NIC,2008,34557960
Nicaragua,NIC,2007,36028218
Nicaragua,NIC,2006,36080844
Nicaragua,NIC,2005,32395158
Nicaragua,NIC,2004,32382120
Nicaragua,NIC,2003,34184622
Nicaragua,NIC,2002,27660852
Niger,NER,2011,26971465
Niger,NER,2010,35257985
Niger,NER,2009,25959735
Niger,NER,2008,33222495
Niger,NER,2007,28329555
Niger,NER,2006,28514325
Niger,NER,2005,25971840
Niger,NER,2004,20895640
Niger,NER,2003,23225500
Niger,NER,2002,23503895
North Macedonia,MKD,2011,11660742
North Macedonia,MKD,2010,11889312
North Macedonia,MKD,2009,11634054
North Macedonia,MKD,2008,11488560
North Macedonia,MKD,2007,10037628
North Macedonia,MKD,2006,10914144
North Macedonia,MKD,2005,11048664
North Macedonia,MKD,2004,11142042
North Macedonia,MKD,2003,9341700
North Macedonia,MKD,2002,9335322
Oman,OMN,2017,7339362
Oman,OMN,2016,5445408
Oman,OMN,2015,5471046
Oman,OMN,2014,4586760
Oman,OMN,2013,4645188
Oman,OMN,2012,4237950
Oman,OMN,2011,4231818
Oman,OMN,2010,4476402
Oman,OMN,2009,3915456
Oman,OMN,2008,3644130
Oman,OMN,2007,3441642
Oman,OMN,2006,3261576
Oman,OMN,2005,3282138
Oman,OMN,2004,3490854
Oman,OMN,2003,3257130
Oman,OMN,2002,2813455
Pakistan,PAK,2017,1041299448
Pakistan,PAK,2016,976191867
Pakistan,PAK,2015,896827253
Pakistan,PAK,2014,873922119
Pakistan,PAK,2013,895189575
Pakistan,PAK,2012,804891703
Pakistan,PAK,2011,804706714
Pakistan,PAK,2010,729836135
Pakistan,PAK,2009,741933360
Pakistan,PAK,2008,823342940
Pakistan,PAK,2007,743980517
Pakistan,PAK,2006,660752575
Pakistan,PAK,2005,682677366
Pakistan,PAK,2004,694486415
Pakistan,PAK,2003,667183944
Panama,PAN,2011,20621136
Panama,PAN,2010,20563560
Panama,PAN,2009,19259040
Panama,PAN,2008,19945932
Panama,PAN,2007,20016918
Panama,PAN,2006,19988784
Panama,PAN,2005,18946554
Panama,PAN,2004,18903522
Panama,PAN,2003,19416558
Panama,PAN,2002,17807784
Papua New Guinea,PNG,2011,28605282
Papua New Guinea,PNG,2010,27984816
Papua New Guinea,PNG,2009,27558576
Papua New Guinea,PNG,2008,27174240
Papua New Guinea,PNG,2007,26555682
Papua New Guinea,PNG,2006,25994400
Papua New Guinea,PNG,2005,25531926
Papua New Guinea,PNG,2004,25628880
Papua New Guinea,PNG,2003,25290690
Papua New Guinea,PNG,2002,24694752
Paraguay,PRY,2011,86153196
Paraguay,PRY,2010,83831988
Paraguay,PRY,2009,70526496
Paraguay,PRY,2008,71383770
Paraguay,PRY,2007,79113012
Paraguay,PRY,2006,71225904
Paraguay,PRY,2005,65657670
Paraguay,PRY,2004,75436800
Paraguay,PRY,2003,67522560
Peru,PER,2018,238347312
Peru,PER,2017,219610055
Peru,PER,2016,222269670
Peru,PER,2015,226535183
Peru,PER,2014,230344261
Peru,PER,2013,225933736
Peru,PER,2012,216245365
Peru,PER,2011,203155127
Peru,PER,2010,203016765
Peru,PER,2009,197990002
Peru,PER,2008,190356264
Peru,PER,2007,173831511
Peru,PER,2006,164513769
Peru,PER,2005,156634275
Peru,PER,2004,154130235
Peru,PER,2003,170033423
Peru,PER,2002,165208918
Philippines,PHL,2015,529703517
Philippines,PHL,2014,547966636
Philippines,PHL,2013,533807505
Philippines,PHL,2012,545981569
Philippines,PHL,2011,544233557
Philippines,PHL,2010,458714711
Philippines,PHL,2009,499845052
Philippines,PHL,2008,525596701
Philippines,PHL,2007,479637774
Philippines,PHL,2006,470545894
Philippines,PHL,2005,447981394
Philippines,PHL,2004,458940041
Philippines,PHL,2003,436052918
Philippines,PHL,2002,411058837
Poland,POL,2011,342545100
Poland,POL,2010,321383430
Poland,POL,2009,359351586
Poland,POL,2004,393979260
Poland,POL,2003,344455242
Poland,POL,2002,386105922
Portugal,PRT,2011,39550455
Portugal,PRT,2010,43869693
Portugal,PRT,2009,43906898
Portugal,PRT,2008,44224803
Portugal,PRT,2005,45529722
Portugal,PRT,2004,53250869
Portugal,PRT,2003,48595652
Portugal,PRT,2002,52085558
Republic of Moldova,MDA,2018,37508628
Republic of Moldova,MDA,2017,36383658
Republic of Moldova,MDA,2016,32411718
Republic of Moldova,MDA,2015,25408446
Republic of Moldova,MDA,2014,35866878
Republic of Moldova,MDA,2013,31699932
Republic of Moldova,MDA,2011,28970184
Republic of Moldova,MDA,2010,28530648
Republic of Moldova,MDA,2009,24922530
Romania,ROU,2011,192846354
Romania,ROU,2010,161294994
Romania,ROU,2009,155581062
Romania,ROU,2008,163206996
Romania,ROU,2007,104190822
Romania,ROU,2006,164877912
Rwanda,RWA,2011,47588028
Rwanda,RWA,2010,49105116
Rwanda,RWA,2009,45289110
Rwanda,RWA,2008,38888922
Rwanda,RWA,2007,38464932
Rwanda,RWA,2006,39338346
Rwanda,RWA,2005,40088016
Rwanda,RWA,2004,37200480
Saint Kitts and Nevis,KNA,2011,11217
Saint Kitts and Nevis,KNA,2010,10332
Saint Kitts and Nevis,KNA,2009,11211
Saint Kitts and Nevis,KNA,2008,11088
Saint Kitts and Nevis,KNA,2007,10269
Saint Kitts and Nevis,KNA,2006,9861
Saint Kitts and Nevis,KNA,2005,412872
Saint Kitts and Nevis,KNA,2004,1053028
Saint Lucia,LCA,2011,168584
Saint Lucia,LCA,2010,163992
Saint Lucia,LCA,2009,235808
Saint Lucia,LCA,2008,252540
Samoa,WSM,2011,400880
Samoa,WSM,2010,389660
Samoa,WSM,2009,384845
Samoa,WSM,2008,370025
Samoa,WSM,2007,374540
Samoa,WSM,2006,354700
Samoa,WSM,2005,358375
Samoa,WSM,2004,354865
Samoa,WSM,2003,353190
Samoa,WSM,2002,349475
Senegal,SEN,2016,34454203
Senegal,SEN,2015,35452543
Senegal,SEN,2014,26276852
Senegal,SEN,2013,23395918
Senegal,SEN,2012,25306477
Senegal,SEN,2011,22048789
Senegal,SEN,2010,27155835
Senegal,SEN,2009,27323149
Senegal,SEN,2008,31065027
Senegal,SEN,2007,19546415
Senegal,SEN,2006,19576305
Senegal,SEN,2004,21444976
Senegal,SEN,2003,23463272
Senegal,SEN,2002,16941869
Slovakia,SVK,2018,34244580
Slovakia,SVK,2017,30282636
Slovakia,SVK,2016,40275828
Slovakia,SVK,2015,32130222
Slovakia,SVK,2014,39850788
Slovakia,SVK,2013,29484270
Slovakia,SVK,2012,25751520
Slovakia,SVK,2011,32608188
Slovakia,SVK,2010,24230838
Slovakia,SVK,2009,29395770
Slovakia,SVK,2008,33388410
Slovakia,SVK,2005,36869676
Slovakia,SVK,2004,37782828
Slovakia,SVK,2002,33166866
Slovenia,SVN,2018,4932900
Slovenia,SVN,2017,4620530
Slovenia,SVN,2016,5133730
Slovenia,SVN,2015,5443110
Slovenia,SVN,2014,5230135
Slovenia,SVN,2013,4068250
Slovenia,SVN,2012,4500830
Slovenia,SVN,2011,5190715
Slovenia,SVN,2010,4991100
Slovenia,SVN,2009,4881375
Slovenia,SVN,2008,5015310
Slovenia,SVN,2007,5065240
Slovenia,SVN,2006,7304448
Slovenia,SVN,2005,8184102
Slovenia,SVN,2004,8397594
Slovenia,SVN,2003,6217956
Slovenia,SVN,2002,8483976
South Africa,ZAF,2011,302189804
South Africa,ZAF,2010,305796596
South Africa,ZAF,2009,320178362
South Africa,ZAF,2005,329251160
South Africa,ZAF,2004,298627784
South Africa,ZAF,2003,308476161
South Africa,ZAF,2002,329270564
Spain,ESP,2005,411121886
Spain,ESP,2004,499678683
Spain,ESP,2003,474767860
Spain,ESP,2002,477936963
Sri Lanka,LKA,2018,51017057
Sri Lanka,LKA,2017,37781359
Sri Lanka,LKA,2016,54035772
Sri Lanka,LKA,2015,55960856
Sri Lanka,LKA,2011,47521859
Sri Lanka,LKA,2010,51195410
Sri Lanka,LKA,2009,45953306
Sri Lanka,LKA,2008,46642505
Sri Lanka,LKA,2007,40557391
Sri Lanka,LKA,2006,44046891
Sri Lanka,LKA,2005,42475314
Sri Lanka,LKA,2004,37416197
Sri Lanka,LKA,2003,40568983
Sri Lanka,LKA,2002,39303670
Suriname,SUR,2011,3106308
Suriname,SUR,2010,3102312
Suriname,SUR,2009,3018600
Suriname,SUR,2008,2750904
Suriname,SUR,2007,2663556
Suriname,SUR,2006,2628192
Suriname,SUR,2005,2191350
Suriname,SUR,2004,2137926
Suriname,SUR,2003,2039616
Suriname,SUR,2002,2137884
Sweden,SWE,2018,30037400
Sweden,SWE,2017,45735000
Sweden,SWE,2016,43573900
Sweden,SWE,2015,42831725
Sweden,SWE,2014,45349895
Sweden,SWE,2013,42536005
Sweden,SWE,2012,42204280
Sweden,SWE,2011,41944685
Sweden,SWE,2010,37021665
Sweden,SWE,2009,44365800
Sweden,SWE,2008,41742170
Sweden,SWE,2005,43605655
Sweden,SWE,2004,45609650
Sweden,SWE,2003,44816920
Sweden,SWE,2002,46502465
Switzerland,CHE,2018,21282150
Switzerland,CHE,2017,22293798
Switzerland,CHE,2016,19363494
Switzerland,CHE,2015,20736906
Switzerland,CHE,2014,25710372
Switzerland,CHE,2013,20291184
Switzerland,CHE,2012,23456940
Switzerland,CHE,2011,26095320
Switzerland,CHE,2010,20512500
Switzerland,CHE,2009,24806814
Switzerland,CHE,2008,23517234
Switzerland,CHE,2007,23681484
Switzerland,CHE,2006,20523534
Switzerland,CHE,2005,22209288
Switzerland,CHE,2004,23713680
Switzerland,CHE,2003,19829280
Switzerland,CHE,2002,23215254
Syrian Arab Republic,SYR,2011,98846692
Syrian Arab Republic,SYR,2009,89451586
Syrian Arab Republic,SYR,2008,73478804
Syrian Arab Republic,SYR,2007,91875812
Syrian Arab Republic,SYR,2006,99737764
Syrian Arab Republic,SYR,2005,90967968
Syrian Arab Republic,SYR,2004,89372031
Syrian Arab Republic,SYR,2002,91609980
Thailand,THA,2015,1221075828
Thailand,THA,2011,1239152719
Thailand,THA,2010,1029687225
Thailand,THA,2009,1051290107
Thailand,THA,2008,1060566780
Thailand,THA,2007,1021952057
Thailand,THA,2006,847760382
Thailand,THA,2005,823384695
Thailand,THA,2004,950376756
Thailand,THA,2003,1006467658
Trinidad and Tobago,TTO,2011,577690
Trinidad and Tobago,TTO,2010,567470
Trinidad and Tobago,TTO,2009,603865
Trinidad and Tobago,TTO,2008,654100
Trinidad and Tobago,TTO,2007,5643264
Trinidad and Tobago,TTO,2006,5928054
Trinidad and Tobago,TTO,2005,3284796
Trinidad and Tobago,TTO,2004,3976920
Trinidad and Tobago,TTO,2003,5910390
Trinidad and Tobago,TTO,2002,8733144
Tunisia,TUN,2016,52600079
Tunisia,TUN,2015,54021303
Tunisia,TUN,2014,57290044
Tunisia,TUN,2013,47273373
Tunisia,TUN,2012,54657603
Tunisia,TUN,2011,44981946
Tunisia,TUN,2010,37125522
Tunisia,TUN,2009,43802628
Tunisia,TUN,2008,36159108
Tunisia,TUN,2007,38498184
Tunisia,TUN,2006,35823306
Tunisia,TUN,2005,37356744
Tunisia,TUN,2004,37423440
Tunisia,TUN,2003,36883950
Tunisia,TUN,2002,25379424
Turkey,TUR,2018,771071042
Turkey,TUR,2017,812289471
Turkey,TUR,2016,777370076
Turkey,TUR,2015,762648684
Turkey,TUR,2014,705817406
Turkey,TUR,2011,716139704
Turkey,TUR,2010,698158244
Turkey,TUR,2009,704107964
Turkey,TUR,2008,653024050
Turkey,TUR,2007,614176612
Turkey,TUR,2005,689958171
Turkey,TUR,2004,642702487
Turkey,TUR,2003,625505461
Turkey,TUR,2002,646258081
Uganda,UGA,2011,89533950
Uganda,UGA,2010,92138705
Uganda,UGA,2009,88782165
Uganda,UGA,2008,82653160
Uganda,UGA,2007,120203165
Uganda,UGA,2006,118567115
Uganda,UGA,2005,120554305
Uganda,UGA,2004,122047455
Uganda,UGA,2003,121515000
Uganda,UGA,2002,119354170
Ukraine,UKR,2018,711497460
Ukraine,UKR,2011,673807758
Ukraine,UKR,2010,493393782
Ukraine,UKR,2009,517563894
Ukraine,UKR,2008,577200522
Ukraine,UKR,2004,523966896
Ukraine,UKR,2003,408498510
Ukraine,UKR,2002,458140512
United Kingdom of Great Britain and Northern Ireland,GBR,2005,193690980
United Kingdom of Great Britain and Northern Ireland,GBR,2004,201055000
United Kingdom of Great Britain and Northern Ireland,GBR,2003,197194930
United Kingdom of Great Britain and Northern Ireland,GBR,2002,211820385
United Republic of Tanzania,TZA,2016,225156505
United Republic of Tanzania,TZA,2015,224557137
United Republic of Tanzania,TZA,2014,221426044
United Republic of Tanzania,TZA,2013,208587911
United Republic of Tanzania,TZA,2011,199958094
United Republic of Tanzania,TZA,2010,190981861
United Republic of Tanzania,TZA,2009,165152974
United Republic of Tanzania,TZA,2008,166727218
United Republic of Tanzania,TZA,2007,156529639
United Republic of Tanzania,TZA,2006,162293180
United Republic of Tanzania,TZA,2005,142250395
United Republic of Tanzania,TZA,2004,145257952
United Republic of Tanzania,TZA,2003,109434325
United Republic of Tanzania,TZA,2002,142093357
United States of America,USA,2018,4112591490
United States of America,USA,2017,4149779102
United States of America,USA,2016,4623571603
United States of America,USA,2015,4107834668
United States of America,USA,2014,4168358334
United States of America,USA,2013,4126554306
United States of America,USA,2012,3630519347
United States of America,USA,2011,3753600438
United States of America,USA,2010,3853970932
United States of America,USA,2009,4013493974
United States of America,USA,2008,3855056520
Uruguay,URY,2018,23103792
Uruguay,URY,2017,29926014
Uruguay,URY,2016,30366522
Uruguay,URY,2015,30463164
Uruguay,URY,2014,33666546
Uruguay,URY,2013,29141922
Uruguay,URY,2012,37533174
Uruguay,URY,2011,31707912
Uruguay,URY,2010,32436666
Uruguay,URY,2009,30788898
Uruguay,URY,2008,26077272
Uruguay,URY,2007,25218252
Uruguay,URY,2006,23056752
Uruguay,URY,2005,23053116
Uruguay,URY,2003,17910534
Uruguay,URY,2002,17334216
Venezuela (Bolivarian Republic of),VEN,2015,86563938
Venezuela (Bolivarian Republic of),VEN,2014,98963298
Venezuela (Bolivarian Republic of),VEN,2013,99404502
Venezuela (Bolivarian Republic of),VEN,2012,95633568
Venezuela (Bolivarian Republic of),VEN,2011,99702300
Venezuela (Bolivarian Republic of),VEN,2010,97915254
Venezuela (Bolivarian Republic of),VEN,2009,104096064
Venezuela (Bolivarian Republic of),VEN,2008,108970476
Venezuela (Bolivarian Republic of),VEN,2007,115316694
Viet Nam,VNM,2011,644558187
Viet Nam,VNM,2010,615553806
Viet Nam,VNM,2009,596045996
Viet Nam,VNM,2008,604646455
Viet Nam,VNM,2007,583426032
Viet Nam,VNM,2006,569391935
Viet Nam,VNM,2005,546453285
Viet Nam,VNM,2003,529842600
Viet Nam,VNM,2002,516247858
Yemen,YEM,2011,17848320
Yemen,YEM,2010,20367666
Yemen,YEM,2009,17538072
Yemen,YEM,2006,16356828
Yemen,YEM,2005,13962900
Yemen,YEM,2004,13047612
Yemen,YEM,2003,13387266
Zambia,ZMB,2017,78196248
Zambia,ZMB,2016,63805380
Zambia,ZMB,2015,53876238
Zambia,ZMB,2014,59345316
Zambia,ZMB,2011,52130574
Zambia,ZMB,2010,51383556
Zambia,ZMB,2009,43750212
Zambia,ZMB,2008,31454244
Zambia,ZMB,2007,33566574
Zambia,ZMB,2006,34016946
Zambia,ZMB,2005,29459760
Zambia,ZMB,2004,31258722
Zambia,ZMB,2003,30801288
Zambia,ZMB,2002,26775588
Zimbabwe,ZWE,2011,35521780
Zimbabwe,ZWE,2010,34332900
Zimbabwe,ZWE,2009,28181230
Zimbabwe,ZWE,2008,28518084
Zimbabwe,ZWE,2005,41438481
Zimbabwe,ZWE,2004,54402754
Zimbabwe,ZWE,2003,46479027
Zimbabwe,ZWE,2002,36822653
